current_path,proposed_path,action,confidence,reason,risk_level,duplicate_group_id,canonical_path,document_lifecycle,usefulness_score,sha256,size_bytes
app_skeleton/data/raw_asset_inventory_summary.json,app_skeleton/data/01_source_inventory/raw_asset_inventory_summary.json,move,0.9,Canonical source inventory (requires --allow-data-moves + API path update),high,,,source,70,d34e66d272fc16e0fa73f2d3faa7a590880de07401f03b74140ffdb86e9a2ab1,1867
app_skeleton/data/projects_catalog.json,app_skeleton/data/00_registry/projects_catalog.json,move,0.9,Core registry catalog (requires --allow-data-moves + API path update),high,,,config,70,0e7bbc4e2408845d97d367d802ac21219334ed6d26a039e86228fcb0c2368bc8,69770
app_skeleton/data/processor_state.json,app_skeleton/data/00_registry/processor_state.json,move,0.9,Core registry catalog (requires --allow-data-moves + API path update),high,,,config,70,bebe3bbf07186014b0f1aa76f4ee9d9406ab4d6fb41a222b9757d0b9a460390f,3087
app_skeleton/data/raw_asset_inventory.csv,app_skeleton/data/01_source_inventory/raw_asset_inventory.csv,move,0.9,Canonical source inventory (requires --allow-data-moves + API path update),high,,,source,70,4d12276e3308e9b8b2574d6caadc5df437ec6a2df151b8ddf464c24740f33413,3169679
app_skeleton/data/lab_personnel_roster.json,app_skeleton/data/00_registry/lab_personnel_roster.json,move,0.9,Core registry catalog (requires --allow-data-moves + API path update),high,,,config,70,01ad805a3c2dce799b2bb72bf03bc24f00a8474c331b1da3938c7118a6cd1dab,17441
app_skeleton/data/raw_asset_inventory.json,app_skeleton/data/01_source_inventory/raw_asset_inventory.json,move,0.9,Canonical source inventory (requires --allow-data-moves + API path update) — canonical copy preserved,high,cc495851f028449d,app_skeleton/data/raw_asset_inventory.json,source,70,cc495851f028449db7ef516b0842934068aced789b56503cebfa10734b527b26,49333185
app_skeleton/data/processed_projects/iPDC_1.0.json,app_skeleton/data/02_processed_projects/research_projects/iPDC_1_0/iPDC_1.0.json,move,0.92,Processed twin (iPDC_1.0),high,,,processed,70,c651310dfac9b0793d4d2b3a6c1989bde529f04dd3663d81057a68a019a9cedc,2125024
app_skeleton/data/processed_projects/HaikalaCollab.json,app_skeleton/data/02_processed_projects/research_projects/HaikalaCollab/HaikalaCollab.json,move,0.92,Processed twin (HaikalaCollab),high,,,processed,70,adaf721863666758575f7cf130962121e32b3cba40e8c357c2358cceb449a274,20530
app_skeleton/data/processed_projects/Sequencing.json,app_skeleton/data/02_processed_projects/research_projects/Sequencing/Sequencing.json,move,0.92,Processed twin (Sequencing),high,,,processed,70,837ff53c539c7811c3d03b320d6e71d61d0a97a6fc9302ad4a3deb509c7d2950,1148086
app_skeleton/data/processed_projects/Ovca_VTE.chunks.jsonl,app_skeleton/data/02_processed_projects/research_projects/Ovca_VTE/Ovca_VTE.chunks.jsonl,quarantine,0.92,Empty or tiny placeholder file,medium,,,quarantine_candidate,30,,0
app_skeleton/data/processed_projects/lab__wet_lab_files.chunks.jsonl,app_skeleton/data/02_processed_projects/lab_operations/wet_lab_files/lab__wet_lab_files.chunks.jsonl,move,0.92,Processed twin (lab__wet_lab_files),high,,,processed,70,640131a0889072afc0ab2a2235b5db4f104351d75f2ea01a52520e726eada754,5595163
app_skeleton/data/processed_projects/Proteomics.chunks.jsonl,app_skeleton/data/99_quarantine_review/unknown_category/Proteomics.chunks.jsonl,quarantine,0.92,Exact SHA-256 duplicate of app_skeleton/data/processed_projects/SaloCollab.chunks.jsonl,medium,9cd610b71ea34d0f,app_skeleton/data/processed_projects/SaloCollab.chunks.jsonl,quarantine_candidate,70,9cd610b71ea34d0ff968d56e22cbd57d20a85408cd59f166268d8a780a749620,26822
app_skeleton/data/processed_projects/SPACE.json,app_skeleton/data/02_processed_projects/research_projects/SPACE/SPACE.json,move,0.92,Processed twin (SPACE),high,,,processed,70,6504e42c9780abd46edc16fb11ff25453ec61557c0d2280c8ed904ed0fe6b834,777457
app_skeleton/data/processed_projects/lab__orders_billing.chunks.jsonl,app_skeleton/data/02_processed_projects/lab_operations/overview_documents/lab__orders_billing.chunks.jsonl,move,0.92,Processed twin (lab__orders_billing),high,,,processed,70,74e27419365e370f83d585554b52df70b0cb914dfd6eba8c045996257e9b12ad,171754
app_skeleton/data/processed_projects/DCIS.chunks.jsonl,app_skeleton/data/02_processed_projects/research_projects/DCIS/DCIS.chunks.jsonl,move,0.92,Processed twin (DCIS),high,,,processed,70,fcebd6b218ceb5be514fa9c0344dc86db80a1195f3fe1d949c881336b220e3c1,36030
app_skeleton/data/processed_projects/ovaHRDscar.json,app_skeleton/data/02_processed_projects/research_projects/ovaHRDscar/ovaHRDscar.json,move,0.92,Processed twin (ovaHRDscar),high,,,processed,70,8ae4c14fe06a85ed48ec2df4e0a14aac7ef1efa487a3a53188fdfe141b5683d4,107365
app_skeleton/data/processed_projects/TLS.json,app_skeleton/data/02_processed_projects/research_projects/TLS/TLS.json,move,0.92,Processed twin (TLS),high,,,processed,70,4e5142135528c7093b073a0daad0a15c8ef239a0946c8c256ab8b6a668e3b62b,1161521
app_skeleton/data/processed_projects/lab__social_misc.chunks.jsonl,app_skeleton/data/02_processed_projects/lab_operations/overview_documents/lab__social_misc.chunks.jsonl,move,0.92,Processed twin (lab__social_misc),high,,,processed,70,853aea33e94bf005de60199fced0d2c55c26da4ad03bae8ccaf1d6aa5bab51bc,39156
app_skeleton/data/processed_projects/SC_Integration.json,app_skeleton/data/02_processed_projects/research_projects/SC_Integration/SC_Integration.json,move,0.92,Processed twin (SC_Integration),high,,,processed,70,9533d3277a1b4cc6fa869516bfe8d62f520cd8c211daf500f0793186eed2adc5,186077
app_skeleton/data/processed_projects/Auria.json,app_skeleton/data/02_processed_projects/research_projects/Auria/Auria.json,move,0.92,Processed twin (Auria),high,,,processed,70,ddeac25e01561b74a4f0da9307f6c59a2f12bfbda78f298b2a12c791d9e3da42,502978
app_skeleton/data/processed_projects/Fanconi.chunks.jsonl,app_skeleton/data/02_processed_projects/research_projects/Fanconi/Fanconi.chunks.jsonl,move,0.92,Processed twin (Fanconi),high,,,processed,70,0f650ce11e9be933954f4213723fb35b741fb79378b2dd37c0aaad7206c266bb,1082618
app_skeleton/data/processed_projects/SC_Integration.chunks.jsonl,app_skeleton/data/02_processed_projects/research_projects/SC_Integration/SC_Integration.chunks.jsonl,move,0.92,Processed twin (SC_Integration),high,,,processed,70,6481425a44f7bdad7528e922053269d12b127b4ade832a4dfed777bedebf04e9,130184
app_skeleton/data/processed_projects/HGSC_scRNAseq.json,app_skeleton/data/02_processed_projects/research_projects/HGSC_scRNAseq/HGSC_scRNAseq.json,move,0.92,Processed twin (HGSC_scRNAseq),high,,,processed,70,fa246d69360fdad05e816cad14d2de06ec81b623141e47cf743b7374748dea17,30912
app_skeleton/data/processed_projects/VanharantaCollab.json,app_skeleton/data/02_processed_projects/research_projects/VanharantaCollab/VanharantaCollab.json,move,0.92,Processed twin (VanharantaCollab),high,,,processed,70,d914fcc9da330e8227343818c6441919de81387b183deea68e6de816828a4854,2200
app_skeleton/data/processed_projects/lab__orders_archive.chunks.jsonl,app_skeleton/data/02_processed_projects/lab_operations/overview_documents/lab__orders_archive.chunks.jsonl,move,0.92,Processed twin (lab__orders_archive),high,,,processed,70,67d448451ec8c1449bc8109f365a56e8a1be7419025d620d82bb305039b61c69,514577
app_skeleton/data/processed_projects/lab__overview_research_materials.json,app_skeleton/data/02_processed_projects/lab_operations/overview_research_materials/lab__overview_research_materials.json,move,0.92,Processed twin (lab__overview_research_materials),high,,,processed,70,b6c4753a012e861aa2364ef5058820573a9f8f5d61115776309690bb0efed0ad,1028052
app_skeleton/data/processed_projects/KRAS.chunks.jsonl,app_skeleton/data/02_processed_projects/research_projects/KRAS/KRAS.chunks.jsonl,move,0.92,Processed twin (KRAS),high,,,processed,70,f9bd40b926208d3f698d3ebdbdaed62e6a8f8a067fcb6be67e553fcebb03e2c4,205907
app_skeleton/data/processed_projects/lab__overview_cleaning.json,app_skeleton/data/02_processed_projects/lab_operations/overview_documents/lab__overview_cleaning.json,move,0.92,Processed twin (lab__overview_cleaning),high,,,processed,70,326a85fc4a0281e025370338954f70b69a90c4008157e5c375bd6c3cee73d6ef,41914
app_skeleton/data/processed_projects/Pixel_AI.chunks.jsonl,app_skeleton/data/02_processed_projects/research_projects/Pixel_AI/Pixel_AI.chunks.jsonl,move,0.92,Processed twin (Pixel_AI),high,,,processed,70,2cc30c0cdea8fa66bb0c691dfa527690aa40e2b4052c6b22aac5c4f955977660,130223
app_skeleton/data/processed_projects/Myelonets.chunks.jsonl,app_skeleton/data/02_processed_projects/research_projects/Myelonets/Myelonets.chunks.jsonl,move,0.92,Processed twin (Myelonets),high,,,processed,70,b80bb80908e032cc110b2605c7f24aa4d6a2aac03808587d2173e30cc367e342,30979
app_skeleton/data/processed_projects/CellCycle.json,app_skeleton/data/02_processed_projects/research_projects/CellCycle/CellCycle.json,move,0.92,Processed twin (CellCycle),high,,,processed,70,74b2523f21512cfff979d8dd926a833df33ac04108699da8024d365ddc9344c4,2264968
app_skeleton/data/processed_projects/lab__orders_archive.json,app_skeleton/data/02_processed_projects/lab_operations/overview_documents/lab__orders_archive.json,move,0.92,Processed twin (lab__orders_archive),high,,,processed,70,c4161accde1e572fe477528906b0373a4df61e0e347e4a989a245e33a36a9050,628990
app_skeleton/data/processed_projects/Organoids.chunks.jsonl,app_skeleton/data/02_processed_projects/research_projects/Organoids/Organoids.chunks.jsonl,quarantine,0.92,Empty or tiny placeholder file,medium,,,quarantine_candidate,30,,0
app_skeleton/data/processed_projects/HaikalaCollab.chunks.jsonl,app_skeleton/data/02_processed_projects/research_projects/HaikalaCollab/HaikalaCollab.chunks.jsonl,move,0.92,Processed twin (HaikalaCollab),high,,,processed,70,871f8efae38522826697d67d342030f2b7a309937db3330fd2e1e4e9c5498e54,8812
app_skeleton/data/processed_projects/lab__overview_research_materials.chunks.jsonl,app_skeleton/data/02_processed_projects/lab_operations/overview_research_materials/lab__overview_research_materials.chunks.jsonl,move,0.92,Processed twin (lab__overview_research_materials),high,,,processed,70,fbd2dbcde2a38de0d3a5517619b30ac23d2fda7bc9d5edbff6f80820fcfc9cdb,844472
app_skeleton/data/processed_projects/CellCycle.chunks.jsonl,app_skeleton/data/02_processed_projects/research_projects/CellCycle/CellCycle.chunks.jsonl,move,0.92,Processed twin (CellCycle),high,,,processed,70,b68273e198c0e19275809a51deeea1fda80dbe940e343e7f2e572ff3b797fb2c,1271003
app_skeleton/data/processed_projects/Organoids.json,app_skeleton/data/02_processed_projects/research_projects/Organoids/Organoids.json,move,0.92,Processed twin (Organoids),high,,,processed,70,a5f14421bce7a60f730df30c55dc1acf741ecb95ceb59798e4e89984ebb2e83c,2138
app_skeleton/data/processed_projects/Fanconi.json,app_skeleton/data/02_processed_projects/research_projects/Fanconi/Fanconi.json,move,0.92,Processed twin (Fanconi),high,,,processed,70,917bcc500eb7058bf6d4dde6c71dbb9baee812be26a0f58b531b1cd175837c6f,2255428
app_skeleton/data/processed_projects/ADC.chunks.jsonl,app_skeleton/data/02_processed_projects/research_projects/ADC/ADC.chunks.jsonl,move,0.92,Processed twin (ADC),high,,,processed,70,f39e4e9febaf89f6f7be3b9bb3a839ee7d9a38dd1a85f85c6b9208c48475bebc,40947
app_skeleton/data/processed_projects/lab__wet_lab_files.json,app_skeleton/data/02_processed_projects/lab_operations/wet_lab_files/lab__wet_lab_files.json,move,0.92,Processed twin (lab__wet_lab_files),high,,,processed,70,de7e2293a3717502a39f9e4b48e25059f6babfa1e9331d26897cf8a073b4a6a7,6751914
app_skeleton/data/processed_projects/Endometrial_HRD.json,app_skeleton/data/02_processed_projects/research_projects/Endometrial_HRD/Endometrial_HRD.json,move,0.92,Processed twin (Endometrial_HRD),high,,,processed,70,9d0c5471922990348c0a9fe13574bacff128f67ffb012887ced9bf88e6eddfc4,2215
app_skeleton/data/processed_projects/lab__overview_cleaning.chunks.jsonl,app_skeleton/data/02_processed_projects/lab_operations/overview_documents/lab__overview_cleaning.chunks.jsonl,move,0.92,Processed twin (lab__overview_cleaning),high,,,processed,70,45723231ac2f35ec70c3b493ff3770b781b958257feb138496c4a2aacfe48843,21633
app_skeleton/data/processed_projects/SideProjects.json,app_skeleton/data/02_processed_projects/research_projects/SideProjects/SideProjects.json,move,0.92,Processed twin (SideProjects),high,,,processed,70,641fb4929fef92fa86bfc00ffdceb18f129d26381be19eb91f83862bef856826,1940
app_skeleton/data/processed_projects/Ovca_VTE.json,app_skeleton/data/02_processed_projects/research_projects/Ovca_VTE/Ovca_VTE.json,move,0.92,Processed twin (Ovca_VTE),high,,,processed,70,d7be31878db1b546b2b6f70ed9ec3df92359af32e6ffec1da96ae30f670e67ab,2080
app_skeleton/data/processed_projects/KRAS.json,app_skeleton/data/02_processed_projects/research_projects/KRAS/KRAS.json,move,0.92,Processed twin (KRAS),high,,,processed,70,63369b7385a2bd3b589b1edfb2571d60e8629007270b18599165157ae6220cb2,370351
app_skeleton/data/processed_projects/FINPROVE.chunks.jsonl,app_skeleton/data/02_processed_projects/research_projects/FINPROVE/FINPROVE.chunks.jsonl,move,0.92,Processed twin (FINPROVE),high,,,processed,70,70531ced9de00f6aa281dcaa286369837ba1fff944178626e9fc4b359f92a259,85184
app_skeleton/data/processed_projects/SPACEjoint.json,app_skeleton/data/02_processed_projects/research_projects/SPACEjoint/SPACEjoint.json,move,0.92,Processed twin (SPACEjoint),high,,,processed,70,5d917a1fd3029f0818f538d2e1154076a8debce2b6970766dc9014187bba2f2b,97044
app_skeleton/data/processed_projects/sciSet.json,app_skeleton/data/02_processed_projects/research_projects/sciSet/sciSet.json,move,0.92,Processed twin (sciSet),high,,,processed,70,ee30aec1f05c00013ba0199b48ef9e9d38e4fd56a1da173b87dfbde7d1a2e633,3014
app_skeleton/data/processed_projects/Myelonets.json,app_skeleton/data/02_processed_projects/research_projects/Myelonets/Myelonets.json,move,0.92,Processed twin (Myelonets),high,,,processed,70,b2341ced7313554f30fd11de0551fa8611b14058472df3770963fbfcc7d7b00d,57531
app_skeleton/data/processed_projects/iPDC_2.0.chunks.jsonl,app_skeleton/data/02_processed_projects/research_projects/iPDC_2_0/iPDC_2.0.chunks.jsonl,move,0.92,Processed twin (iPDC_2.0),high,,,processed,70,5c266b0a587f197fed0c8f5001b15f3bb9d64dfa3ca0c7c4009d8baa315a73d9,800389
app_skeleton/data/processed_projects/NKI.json,app_skeleton/data/02_processed_projects/research_projects/NKI/NKI.json,move,0.92,Processed twin (NKI),high,,,processed,70,49001658da964e93ab401558db7496493cdc8e5687928e4d3551bea8487012b1,3006298
app_skeleton/data/processed_projects/EyeMT.json,app_skeleton/data/02_processed_projects/research_projects/EyeMT/EyeMT.json,move,0.92,Processed twin (EyeMT),high,,,processed,70,263d72945507e7c1dbf3fea97f48f9b27aa6497e279d20693b0ded876bc0463f,693407
app_skeleton/data/processed_projects/FINPROVE.json,app_skeleton/data/02_processed_projects/research_projects/FINPROVE/FINPROVE.json,move,0.92,Processed twin (FINPROVE),high,,,processed,70,44affad90fecd2e3ecb816592b6ccafde72a23af9b897e8dd03609b23a3773aa,161111
app_skeleton/data/processed_projects/EyeMT.chunks.jsonl,app_skeleton/data/02_processed_projects/research_projects/EyeMT/EyeMT.chunks.jsonl,move,0.92,Processed twin (EyeMT),high,,,processed,70,48b2fece481a7843ff8798414ec0bd57e25c19788e37b883ddf8840f9aa3994b,548794
app_skeleton/data/processed_projects/lab__orders_billing.json,app_skeleton/data/02_processed_projects/lab_operations/overview_documents/lab__orders_billing.json,move,0.92,Processed twin (lab__orders_billing),high,,,processed,70,1ad90f6ffe7b60c7121d1c1d1554076e0e35e1ef844a2c82fd3dbe6ab59cbba7,241900
app_skeleton/data/processed_projects/SPACEstat.chunks.jsonl,app_skeleton/data/02_processed_projects/research_projects/SPACEstat/SPACEstat.chunks.jsonl,move,0.92,Processed twin (SPACEstat),high,,,processed,70,5f661aeb5e75772962d7e2bd33d51366e86c67bc562d628654fe81a4353441ae,114852
app_skeleton/data/processed_projects/lab__overview_onboarding.chunks.jsonl,app_skeleton/data/02_processed_projects/lab_operations/overview_documents/lab__overview_onboarding.chunks.jsonl,move,0.92,Processed twin (lab__overview_onboarding),high,,,processed,70,36ca5c4b94f835bab0008110e4c1b63e3a98c9e15ba2dd79cb719b27117c09d8,125691
app_skeleton/data/processed_projects/vTMA.json,app_skeleton/data/02_processed_projects/research_projects/vTMA/vTMA.json,move,0.92,Processed twin (vTMA),high,,,processed,70,1d276f75e7bf6e7bd027ecc03768080439e136570f27bf2e99d42140e57033e0,256436
app_skeleton/data/processed_projects/lab__overview_documents.chunks.jsonl,app_skeleton/data/02_processed_projects/lab_operations/overview_documents/lab__overview_documents.chunks.jsonl,move,0.92,Processed twin (lab__overview_documents),high,,,processed,70,552ed55b893f8e4582866b39d5418d181ed4baee4fc75d683fe2310044058c73,1520350
app_skeleton/data/processed_projects/SPACEjoint.chunks.jsonl,app_skeleton/data/02_processed_projects/research_projects/SPACEjoint/SPACEjoint.chunks.jsonl,move,0.92,Processed twin (SPACEjoint),high,,,processed,70,9d169db3d4cb3ba6c402285b72eb9e9cedcc8f055703be93db03d0ac06c7b56e,61090
app_skeleton/data/processed_projects/LeppaCollab.chunks.jsonl,app_skeleton/data/02_processed_projects/research_projects/LeppaCollab/LeppaCollab.chunks.jsonl,quarantine,0.92,Empty or tiny placeholder file,medium,,,quarantine_candidate,30,,0
app_skeleton/data/processed_projects/HGSC_scRNAseq.chunks.jsonl,app_skeleton/data/02_processed_projects/research_projects/HGSC_scRNAseq/HGSC_scRNAseq.chunks.jsonl,move,0.92,Processed twin (HGSC_scRNAseq),high,,,processed,70,7a1c716b6606dc5e8ec52cd1304afe7c7ab9b0107b1e0c22c7b42014525be7ef,15498
app_skeleton/data/processed_projects/Mesenchymal_Ovca.json,app_skeleton/data/02_processed_projects/research_projects/Mesenchymal_Ovca/Mesenchymal_Ovca.json,move,0.92,Processed twin (Mesenchymal_Ovca),high,,,processed,70,ad9be4a3ccbbb69270399ea6f7efec92d693c5f53929ce6aa4392dad21da963f,2251
app_skeleton/data/processed_projects/lab__overview_guidelines.json,app_skeleton/data/02_processed_projects/lab_operations/overview_documents/lab__overview_guidelines.json,move,0.92,Processed twin (lab__overview_guidelines),high,,,processed,70,32c57050afe3ddbd0593151130e1974a4056203f2f74a80b3cfd09c2f5e749ae,146466
app_skeleton/data/processed_projects/iPDC_2.0.json,app_skeleton/data/02_processed_projects/research_projects/iPDC_2_0/iPDC_2.0.json,move,0.92,Processed twin (iPDC_2.0),high,,,processed,70,3fb4e9972246756b58d493c93c99d65bd24e1a7996f01325f9bd9ce48c8757f2,1071775
app_skeleton/data/processed_projects/VanharantaCollab.chunks.jsonl,app_skeleton/data/02_processed_projects/research_projects/VanharantaCollab/VanharantaCollab.chunks.jsonl,quarantine,0.92,Empty or tiny placeholder file,medium,,,quarantine_candidate,30,,0
app_skeleton/data/processed_projects/NKI.chunks.jsonl,app_skeleton/data/02_processed_projects/research_projects/NKI/NKI.chunks.jsonl,move,0.92,Processed twin (NKI),high,,,processed,70,f3a71d869aeb49f929505cc87a2366b025f2d78bbabc94e5a6c8a0db4be94af2,2707696
app_skeleton/data/processed_projects/CIN2.json,app_skeleton/data/02_processed_projects/research_projects/CIN2/CIN2.json,move,0.92,Processed twin (CIN2),high,,,processed,70,bd23201be7567d43d3db63cbb54cea8bb565c0c6ecfae88d90fe3abded6cf42f,485125
app_skeleton/data/processed_projects/TLS.chunks.jsonl,app_skeleton/data/02_processed_projects/research_projects/TLS/TLS.chunks.jsonl,move,0.92,Processed twin (TLS),high,,,processed,70,c02385b198cca087f803871c501ea9197f70c3b9019b3231668ce817d84df863,941713
app_skeleton/data/processed_projects/Proteomics.json,app_skeleton/data/02_processed_projects/research_projects/Proteomics/Proteomics.json,move,0.92,Processed twin (Proteomics),high,,,processed,70,3fd2684d6d3e00cdc07a93bdc40625c8d9f8d9a3a2419318bfebb701e6a7c063,43176
app_skeleton/data/processed_projects/CIN2.chunks.jsonl,app_skeleton/data/02_processed_projects/research_projects/CIN2/CIN2.chunks.jsonl,move,0.92,Processed twin (CIN2),high,,,processed,70,0eacc8fe92ddda8aa53c361f2b67bb069711ce3b46db7a51e0f395166d0e70fc,259672
app_skeleton/data/processed_projects/TMA_Cohorts.json,app_skeleton/data/02_processed_projects/research_projects/TMA_Cohorts/TMA_Cohorts.json,move,0.92,Processed twin (TMA_Cohorts),high,,,processed,70,2676cdfc77df9efb06eb3a1122cc1c4e5ed4f6af2b59116234586c1da678bdb0,123820
app_skeleton/data/processed_projects/Mesenchymal_Ovca.chunks.jsonl,app_skeleton/data/02_processed_projects/research_projects/Mesenchymal_Ovca/Mesenchymal_Ovca.chunks.jsonl,quarantine,0.92,Empty or tiny placeholder file,medium,,,quarantine_candidate,30,,0
app_skeleton/data/processed_projects/Tribus.chunks.jsonl,app_skeleton/data/02_processed_projects/research_projects/Tribus/Tribus.chunks.jsonl,move,0.92,Processed twin (Tribus),high,,,processed,70,3ea1a84b0d657dcb80565ba9cf4fe81016a05319eba949a4168b8d381193f79b,766382
app_skeleton/data/processed_projects/Sequencing.chunks.jsonl,app_skeleton/data/02_processed_projects/research_projects/Sequencing/Sequencing.chunks.jsonl,move,0.92,Processed twin (Sequencing),high,,,processed,70,818f7aeee0d9150afdb60617bb03844235278cd16c11cd95259f95ab6525517c,968497
app_skeleton/data/processed_projects/EMT.chunks.jsonl,app_skeleton/data/02_processed_projects/research_projects/EMT/EMT.chunks.jsonl,move,0.92,Processed twin (EMT),high,,,processed,70,dc76b7fd8dca0b0a0f3d8d1f3f6d89eb469977568c4043477b4a68125817457d,873
app_skeleton/data/processed_projects/SideProjects.chunks.jsonl,app_skeleton/data/02_processed_projects/research_projects/SideProjects/SideProjects.chunks.jsonl,quarantine,0.92,Empty or tiny placeholder file,medium,,,quarantine_candidate,30,,0
app_skeleton/data/processed_projects/iPDC_1.0.chunks.jsonl,app_skeleton/data/02_processed_projects/research_projects/iPDC_1_0/iPDC_1.0.chunks.jsonl,move,0.92,Processed twin (iPDC_1.0),high,,,processed,70,13c7396013f296d449845bb0b5c294caacec5da7aa6aad55a141dfc28bea9124,1583061
app_skeleton/data/processed_projects/Endometrial_HRD.chunks.jsonl,app_skeleton/data/02_processed_projects/research_projects/Endometrial_HRD/Endometrial_HRD.chunks.jsonl,quarantine,0.92,Empty or tiny placeholder file,medium,,,quarantine_candidate,30,,0
app_skeleton/data/processed_projects/TMA_Cohorts.chunks.jsonl,app_skeleton/data/02_processed_projects/research_projects/TMA_Cohorts/TMA_Cohorts.chunks.jsonl,move,0.92,Processed twin (TMA_Cohorts),high,,,processed,70,6f0788a5395e0a4139a96341201e26afaed70e21fefda0a35d9a5fa75a956191,89571
app_skeleton/data/processed_projects/SaloCollab.chunks.jsonl,app_skeleton/data/02_processed_projects/research_projects/SaloCollab/SaloCollab.chunks.jsonl,move,0.92,Processed twin (SaloCollab) — canonical copy preserved,high,9cd610b71ea34d0f,app_skeleton/data/processed_projects/SaloCollab.chunks.jsonl,processed,70,9cd610b71ea34d0ff968d56e22cbd57d20a85408cd59f166268d8a780a749620,26822
app_skeleton/data/processed_projects/SPACE.chunks.jsonl,app_skeleton/data/02_processed_projects/research_projects/SPACE/SPACE.chunks.jsonl,move,0.92,Processed twin (SPACE),high,,,processed,70,8c52652dae60691612cb1f77d1539725412e62c0649850a7bc52b17409c8703d,558124
app_skeleton/data/processed_projects/ovaHRDscar.chunks.jsonl,app_skeleton/data/02_processed_projects/research_projects/ovaHRDscar/ovaHRDscar.chunks.jsonl,move,0.92,Processed twin (ovaHRDscar),high,,,processed,70,beff609892c02b3290ff5569c0d83604f3f606e3d530e13bf95aac5898334541,69447
app_skeleton/data/processed_projects/Auria.chunks.jsonl,app_skeleton/data/02_processed_projects/research_projects/Auria/Auria.chunks.jsonl,move,0.92,Processed twin (Auria),high,,,processed,70,50b45efdb0de95665dbc355fa341165534096c92fa4ab603c47209b8b101c186,372184
app_skeleton/data/processed_projects/ADC.json,app_skeleton/data/02_processed_projects/research_projects/ADC/ADC.json,move,0.92,Processed twin (ADC),high,,,processed,70,fa65f9362910a3ce7766decf6f93b024b1b08027b1b5036acd55a914c55ca8d4,69171
app_skeleton/data/processed_projects/EMT.json,app_skeleton/data/02_processed_projects/research_projects/EMT/EMT.json,move,0.92,Processed twin (EMT),high,,,processed,70,f7eba36abdbfe3e5b9b9e8120c1a867fb6150f5e116aec010112754c941abd8a,7061
app_skeleton/data/processed_projects/SPACEstat.json,app_skeleton/data/02_processed_projects/research_projects/SPACEstat/SPACEstat.json,move,0.92,Processed twin (SPACEstat),high,,,processed,70,f190896a5d0276cafb84379e94d896cb3d28cee1a718f1139c56ceb1478e61b5,167319
app_skeleton/data/processed_projects/SaloCollab.json,app_skeleton/data/02_processed_projects/research_projects/SaloCollab/SaloCollab.json,move,0.92,Processed twin (SaloCollab),high,,,processed,70,b4120360272cc4b4c21d768f4c02e3f035e05335ae5462a6d81c1f21d93c3f52,43257
app_skeleton/data/processed_projects/LeppaCollab.json,app_skeleton/data/02_processed_projects/research_projects/LeppaCollab/LeppaCollab.json,move,0.92,Processed twin (LeppaCollab),high,,,processed,70,0fcffa5fbec3aa88c6007e853289221692162db353c295073edf6687b4118223,2283
app_skeleton/data/processed_projects/lab__overview_personnel.chunks.jsonl,app_skeleton/data/02_processed_projects/lab_operations/overview_documents/lab__overview_personnel.chunks.jsonl,move,0.92,Processed twin (lab__overview_personnel),high,,,processed,70,ff755ba4fbf9bdc542426176b3b47ef02e833e2bd9ec5abc50d5a4822734af7e,83473
app_skeleton/data/processed_projects/Tribus.json,app_skeleton/data/02_processed_projects/research_projects/Tribus/Tribus.json,move,0.92,Processed twin (Tribus),high,,,processed,70,615873b74e4efb11a8415137a610b02e87e323e81142d8d5f51df0c36a6b91c5,980873
app_skeleton/data/processed_projects/DCIS.json,app_skeleton/data/02_processed_projects/research_projects/DCIS/DCIS.json,move,0.92,Processed twin (DCIS),high,,,processed,70,beae3de96465baa753a8250dd9f67fd4b107dc15c284d6d9e93651cfcd7824d5,65407
app_skeleton/data/processed_projects/vTMA.chunks.jsonl,app_skeleton/data/02_processed_projects/research_projects/vTMA/vTMA.chunks.jsonl,move,0.92,Processed twin (vTMA),high,,,processed,70,996609632bcebc753d1fbc4ce4e437a5742ea4ae26f2a5a1474dbec0e4142692,197163
app_skeleton/data/processed_projects/sciSet.chunks.jsonl,app_skeleton/data/02_processed_projects/research_projects/sciSet/sciSet.chunks.jsonl,quarantine,0.92,Empty or tiny placeholder file,medium,,,quarantine_candidate,30,,0
app_skeleton/data/processed_projects/lab__overview_onboarding.json,app_skeleton/data/02_processed_projects/lab_operations/overview_documents/lab__overview_onboarding.json,move,0.92,Processed twin (lab__overview_onboarding),high,,,processed,70,270ee2b6e7d38cea21e266f713e9475908859457e697868aad89bd2bad3f4e0e,146603
app_skeleton/data/processed_projects/lab__overview_guidelines.chunks.jsonl,app_skeleton/data/02_processed_projects/lab_operations/overview_documents/lab__overview_guidelines.chunks.jsonl,move,0.92,Processed twin (lab__overview_guidelines),high,,,processed,70,b5d2fc70850b9b249be9025b434798e88f023ab9e47c5bc87aab2f09f768b785,96695
app_skeleton/data/processed_projects/lab__overview_personnel.json,app_skeleton/data/02_processed_projects/lab_operations/overview_documents/lab__overview_personnel.json,move,0.92,Processed twin (lab__overview_personnel),high,,,processed,70,13b53d222028602ecf789859ec918540bdc36e4aa0441749bf86d31846777fef,144287
app_skeleton/data/processed_projects/Pixel_AI.json,app_skeleton/data/02_processed_projects/research_projects/Pixel_AI/Pixel_AI.json,move,0.92,Processed twin (Pixel_AI),high,,,processed,70,f51bf97736a738e9ad8170db43dd4479b7900cf69a2598f8558cb84562d8d4e3,175246
app_skeleton/data/processed_projects/lab__social_misc.json,app_skeleton/data/02_processed_projects/lab_operations/overview_documents/lab__social_misc.json,move,0.92,Processed twin (lab__social_misc),high,,,processed,70,b8b3b62981947dd394efe9cdd3453bf7ca06cff6879b359b21564eec588bfa3e,280119
app_skeleton/data/processed_projects/lab__overview_documents.json,app_skeleton/data/02_processed_projects/lab_operations/overview_documents/lab__overview_documents.json,move,0.92,Processed twin (lab__overview_documents),high,,,processed,70,5024c4d1a919cffac0436a7129ab693113ef7f13e8450eab16541bab19c8ddd5,1705251
app_skeleton/data/logs/autonomous_processor.log,app_skeleton/data/04_runtime_logs/latest.log,move,0.88,Runtime operational log,low,,,runtime_log,35,227e280f136bee18e5db21ecec63691f0c861131b39d26f118ee8ecee8ccfc6d,87472
app_skeleton/data/ingestion_reports/ingestion_20260603T174435Z_dig_5866bb06.json,app_skeleton/data/03_ingestion_audit/history/ingestion_20260603T174435Z_dig_5866bb06.json,move,0.85,Ingestion audit report (requires --allow-data-moves + API path update),high,,,generated_report,60,e09e1c90a5f1f045a5f851c0aaec3b9799d4a57114040178dc6bd8ef9cd05e21,696
app_skeleton/data/ingestion_reports/ingestion_20260606T123401Z_dig_168df580.json,app_skeleton/data/03_ingestion_audit/history/ingestion_20260606T123401Z_dig_168df580.json,move,0.85,Ingestion audit report (requires --allow-data-moves + API path update),high,,,generated_report,60,8a14319ead81f739273a0f22c98e27ff51dcdc35d9e0d514bbbc37298eaeb254,668
app_skeleton/data/ingestion_reports/ingestion_20260604T044328Z_80149104.json,app_skeleton/data/03_ingestion_audit/history/ingestion_20260604T044328Z_80149104.json,move,0.85,Ingestion audit report (requires --allow-data-moves + API path update),high,,,generated_report,60,1b2c2409fa9d1b2cb2a0f6c4358c4206db3056a3b486b70b3419cf9855334f62,425
app_skeleton/data/ingestion_reports/ingestion_20260606T122642Z_dig_f3603006.json,app_skeleton/data/03_ingestion_audit/history/ingestion_20260606T122642Z_dig_f3603006.json,move,0.85,Ingestion audit report (requires --allow-data-moves + API path update),high,,,generated_report,60,21acfa17b6fd3053b346186f3a9ea27847c2801741208165156edc4f7776b21a,668
app_skeleton/data/ingestion_reports/ingestion_20260606T121107Z_dig_a2848de9.json,app_skeleton/data/03_ingestion_audit/history/ingestion_20260606T121107Z_dig_a2848de9.json,move,0.85,Ingestion audit report (requires --allow-data-moves + API path update),high,,,generated_report,60,97e2b8beae85f8be8c6e1435c243ce7d005461ac32d6feeb1e07f1528853d018,667
app_skeleton/data/ingestion_reports/ingestion_20260603T174429Z_dig_44209810.json,app_skeleton/data/03_ingestion_audit/history/ingestion_20260603T174429Z_dig_44209810.json,move,0.85,Ingestion audit report (requires --allow-data-moves + API path update),high,,,generated_report,60,bee765f4718c418511d67b70dd5588917cdef138337294c52edd70874bf56a5d,697
app_skeleton/data/ingestion_reports/ingestion_20260606T121113Z_dig_aadd38ab.json,app_skeleton/data/03_ingestion_audit/history/ingestion_20260606T121113Z_dig_aadd38ab.json,move,0.85,Ingestion audit report (requires --allow-data-moves + API path update),high,,,generated_report,60,5fdd89d9515628f57218e01135b48678710a33b0ec6374049b600f4dd967aae6,668
app_skeleton/data/ingestion_reports/ingestion_20260604T022301Z_dig_ebf14532.json,app_skeleton/data/03_ingestion_audit/history/ingestion_20260604T022301Z_dig_ebf14532.json,move,0.85,Ingestion audit report (requires --allow-data-moves + API path update),high,,,generated_report,60,e4905dc2f6bfa65cd92640281d1595108114ca4951240e65e722c466743ab8f6,641
app_skeleton/data/ingestion_reports/ingestion_20260604T045917Z_dig_e2f1a788.json,app_skeleton/data/03_ingestion_audit/history/ingestion_20260604T045917Z_dig_e2f1a788.json,move,0.85,Ingestion audit report (requires --allow-data-moves + API path update),high,,,generated_report,60,ea0c02328033ea09cb0953527558cc2675b62d2e837a23e9dff826b1b2ec1372,641
app_skeleton/data/ingestion_reports/ingestion_20260603T174429Z_dig_0c4f2a57.json,app_skeleton/data/03_ingestion_audit/history/ingestion_20260603T174429Z_dig_0c4f2a57.json,move,0.85,Ingestion audit report (requires --allow-data-moves + API path update),high,,,generated_report,60,85f192c414d55387f7660a360b85ff84eb1be4b0426edfa53ef48feb12cc70c1,697
app_skeleton/data/ingestion_reports/ingestion_20260606T121324Z_dig_34802330.json,app_skeleton/data/03_ingestion_audit/history/ingestion_20260606T121324Z_dig_34802330.json,move,0.85,Ingestion audit report (requires --allow-data-moves + API path update),high,,,generated_report,60,ba3a042b1bc27d61270601360553c159ee8431e510bc6f65ce45c26446a04318,668
app_skeleton/data/ingestion_reports/ingestion_20260606T122641Z_dig_ec3880a7.json,app_skeleton/data/03_ingestion_audit/history/ingestion_20260606T122641Z_dig_ec3880a7.json,move,0.85,Ingestion audit report (requires --allow-data-moves + API path update),high,,,generated_report,60,870a19701bb62ac576bc741ea5357e13c5459a16e87159e8cbe4630957b6a84b,667
app_skeleton/data/ingestion_reports/ingestion_20260603T174435Z_dig_2332a5ca.json,app_skeleton/data/03_ingestion_audit/history/ingestion_20260603T174435Z_dig_2332a5ca.json,move,0.85,Ingestion audit report (requires --allow-data-moves + API path update),high,,,generated_report,60,190af803ad3109143a7a1dcbd7eb754dcfb3d7bbadcc190d3d1443df026220bd,697
app_skeleton/data/ingestion_reports/ingestion_20260603T174429Z_dig_d9c046dd.json,app_skeleton/data/03_ingestion_audit/history/ingestion_20260603T174429Z_dig_d9c046dd.json,move,0.85,Ingestion audit report (requires --allow-data-moves + API path update),high,,,generated_report,60,07edb97b43731e2d63f7ca313bc2e4ddbae4006271744f8b0b7809b523a27db5,696
app_skeleton/data/ingestion_reports/ingestion_20260603T174415Z_dig_8d9a3c8c.json,app_skeleton/data/03_ingestion_audit/history/ingestion_20260603T174415Z_dig_8d9a3c8c.json,move,0.85,Ingestion audit report (requires --allow-data-moves + API path update),high,,,generated_report,60,35531324e0b05a0f8b5daa2f8313cfa0c4fd948dedbf76364b0410a9c783c414,697
app_skeleton/data/ingestion_reports/sync_run_report.json,app_skeleton/data/03_ingestion_audit/latest/sync_run_report.json,move,0.85,Ingestion audit report (requires --allow-data-moves + API path update),high,,,generated_report,60,3b4bfed44e046d65f51d8073a25341823835e643a2900f9724393bde8d0383bf,367
app_skeleton/data/ingestion_reports/ingestion_20260606T121328Z_dig_5382733b.json,app_skeleton/data/03_ingestion_audit/history/ingestion_20260606T121328Z_dig_5382733b.json,move,0.85,Ingestion audit report (requires --allow-data-moves + API path update),high,,,generated_report,60,c767459f79d5302e91c76c9458ac7722804d35ba166fdfd6eef7ff68db5b290a,668
app_skeleton/data/ingestion_reports/ingestion_20260606T121401Z_dig_b80c6829.json,app_skeleton/data/03_ingestion_audit/history/ingestion_20260606T121401Z_dig_b80c6829.json,move,0.85,Ingestion audit report (requires --allow-data-moves + API path update),high,,,generated_report,60,486d6aa219b9c43f66b9b98af7c0e3ff6f1ee9f3a87b3d036e8ce89b9521a0a5,668
app_skeleton/data/ingestion_reports/ingestion_20260606T121202Z_dig_be924f1e.json,app_skeleton/data/03_ingestion_audit/history/ingestion_20260606T121202Z_dig_be924f1e.json,move,0.85,Ingestion audit report (requires --allow-data-moves + API path update),high,,,generated_report,60,468ed3ad7994b09b66085ff4295073f16cabe56371d11f13f45a01d0ac49f99c,668
app_skeleton/data/ingestion_reports/ingestion_20260604T052625Z_c75fc18f.json,app_skeleton/data/03_ingestion_audit/history/ingestion_20260604T052625Z_c75fc18f.json,move,0.85,Ingestion audit report (requires --allow-data-moves + API path update),high,,,generated_report,60,d883de31d1eb1b7bf8938eae32bfeee7ea0b94dae7c7af0393aa4b9faa950e66,391
app_skeleton/data/ingestion_reports/ingestion_20260604T035501Z_dig_fff4ecb7.json,app_skeleton/data/03_ingestion_audit/history/ingestion_20260604T035501Z_dig_fff4ecb7.json,move,0.85,Ingestion audit report (requires --allow-data-moves + API path update),high,,,generated_report,60,9d75b0ad48928e125837089d84e111d3fc8c438ce11ffa66f6db6066de4fe86d,641
app_skeleton/data/ingestion_reports/ingestion_20260606T122647Z_dig_fbdbc9be.json,app_skeleton/data/03_ingestion_audit/history/ingestion_20260606T122647Z_dig_fbdbc9be.json,move,0.85,Ingestion audit report (requires --allow-data-moves + API path update),high,,,generated_report,60,3ce1f24f3bc8cc29523cac8f5e5569e9b989a879a327e757bf1e41ca09af6e4d,668
app_skeleton/data/ingestion_reports/ingestion_20260604T044731Z_c849eefc.json,app_skeleton/data/03_ingestion_audit/history/ingestion_20260604T044731Z_c849eefc.json,move,0.85,Ingestion audit report (requires --allow-data-moves + API path update),high,,,generated_report,60,afa879fa6f3e85202c90a8a7bcafd41eb6d413859bee740a65ace8edf4c00b25,389
app_skeleton/data/ingestion_reports/ingestion_20260606T121159Z_dig_fa1118c4.json,app_skeleton/data/03_ingestion_audit/history/ingestion_20260606T121159Z_dig_fa1118c4.json,move,0.85,Ingestion audit report (requires --allow-data-moves + API path update),high,,,generated_report,60,823614a3df8f4e3b290624e2f3cf103e692a2517368cf797f7c28392df716a55,668
app_skeleton/data/ingestion_reports/ingestion_20260606T121405Z_dig_d177e729.json,app_skeleton/data/03_ingestion_audit/history/ingestion_20260606T121405Z_dig_d177e729.json,move,0.85,Ingestion audit report (requires --allow-data-moves + API path update),high,,,generated_report,60,cd7c5585884446db33fe7d01eb524a3379354d240c12c41df20ab167151fb479,668
app_skeleton/data/ingestion_reports/ingestion_20260606T123401Z_dig_0fa646b3.json,app_skeleton/data/03_ingestion_audit/history/ingestion_20260606T123401Z_dig_0fa646b3.json,move,0.85,Ingestion audit report (requires --allow-data-moves + API path update),high,,,generated_report,60,99e8cf20c744c4d3b0080998b4951f58d8f96f9f3b7492900b824d88a11437f1,667
app_skeleton/data/ingestion_reports/ingestion_20260606T121401Z_dig_e3763d5b.json,app_skeleton/data/03_ingestion_audit/history/ingestion_20260606T121401Z_dig_e3763d5b.json,move,0.85,Ingestion audit report (requires --allow-data-moves + API path update),high,,,generated_report,60,7ecee9f081100d2714d3343645cfecf94589f3e09a7f9f5caa88e01120277a17,667
app_skeleton/data/ingestion_reports/ingestion_20260603T194609Z_1090e020.json,app_skeleton/data/03_ingestion_audit/history/ingestion_20260603T194609Z_1090e020.json,move,0.85,Ingestion audit report (requires --allow-data-moves + API path update),high,,,generated_report,60,60f24d84426df248c452e8f5df1d9112a060fba5d882a33a68b84c6be10f906e,392
app_skeleton/data/ingestion_reports/ingestion_20260604T052003Z_dig_72be6b45.json,app_skeleton/data/03_ingestion_audit/history/ingestion_20260604T052003Z_dig_72be6b45.json,move,0.85,Ingestion audit report (requires --allow-data-moves + API path update),high,,,generated_report,60,07759a86f2cc9b45c7a52dd2bf3a7f8faa5b7189996cc53e38f064146b8fe17b,647
app_skeleton/data/ingestion_reports/ingestion_20260603T174436Z_dig_4d0db0e5.json,app_skeleton/data/03_ingestion_audit/history/ingestion_20260603T174436Z_dig_4d0db0e5.json,move,0.85,Ingestion audit report (requires --allow-data-moves + API path update),high,,,generated_report,60,3f2c45e7f48d3607c7bcb2a2841dec0f96c2988f6b9f7dbf14fab2231688acfb,697
app_skeleton/data/ingestion_reports/ingestion_20260604T043749Z_8dd023b9.json,app_skeleton/data/03_ingestion_audit/history/ingestion_20260604T043749Z_8dd023b9.json,move,0.85,Ingestion audit report (requires --allow-data-moves + API path update),high,,,generated_report,60,4ba5d986043942e0ba8230d6bbdf9c917f0c4b3121d7118a9926773e66e3f9e8,408
app_skeleton/data/ingestion_reports/ingestion_20260603T183800Z_c899f24f.json,app_skeleton/data/03_ingestion_audit/history/ingestion_20260603T183800Z_c899f24f.json,move,0.85,Ingestion audit report (requires --allow-data-moves + API path update),high,,,generated_report,60,4e41395cdd15787ed3d9f09f7ac35c93cc5154311242bdf3c007594aebee73fe,392
app_skeleton/data/ingestion_reports/ingestion_20260603T205313Z_3efed162.json,app_skeleton/data/03_ingestion_audit/history/ingestion_20260603T205313Z_3efed162.json,move,0.85,Ingestion audit report (requires --allow-data-moves + API path update),high,,,generated_report,60,0bd705d80b646d5be252851edc3c1a7f5f9b41e1b9379174e2f6ce46c83d86d8,392
app_skeleton/data/ingestion_reports/ingestion_20260606T121108Z_dig_a262800b.json,app_skeleton/data/03_ingestion_audit/history/ingestion_20260606T121108Z_dig_a262800b.json,move,0.85,Ingestion audit report (requires --allow-data-moves + API path update),high,,,generated_report,60,35c3e3d1b002e8d8d770e8ca5b449c19bc8a245180df8d7fc7ef4071a95e8908,668
app_skeleton/data/ingestion_reports/ingestion_20260604T010557Z_dig_beecab03.json,app_skeleton/data/03_ingestion_audit/history/ingestion_20260604T010557Z_dig_beecab03.json,move,0.85,Ingestion audit report (requires --allow-data-moves + API path update),high,,,generated_report,60,78fe9d3af1cf1b79ffd7f84d2b6ed351b9beb37dfb78994a3ce9c8e48977cef2,641
app_skeleton/data/ingestion_reports/ingestion_20260604T052203Z_7e42e1ba.json,app_skeleton/data/03_ingestion_audit/history/ingestion_20260604T052203Z_7e42e1ba.json,move,0.85,Ingestion audit report (requires --allow-data-moves + API path update),high,,,generated_report,60,5a997dbdd4f70f9071ffd362823bab0f1320ab8c301f74ea8f303b5a65e6f43d,389
app_skeleton/data/ingestion_reports/ingestion_20260606T121324Z_dig_fe54acb1.json,app_skeleton/data/03_ingestion_audit/history/ingestion_20260606T121324Z_dig_fe54acb1.json,move,0.85,Ingestion audit report (requires --allow-data-moves + API path update),high,,,generated_report,60,9b70cf11345d605f36b6ddd8e54c8c7ad7daf0ca002c0e71566046c60a0c9528,667
app_skeleton/data/ingestion_reports/ingestion_20260603T220033Z_fde197b2.json,app_skeleton/data/03_ingestion_audit/history/ingestion_20260603T220033Z_fde197b2.json,move,0.85,Ingestion audit report (requires --allow-data-moves + API path update),high,,,generated_report,60,8f6b9aa38179bbc32089cc92d5f770ae428b71938cac4dbc4fe9d59cb32ad0bd,392
app_skeleton/data/ingestion_reports/ingestion_20260603T174415Z_dig_2b5d899a.json,app_skeleton/data/03_ingestion_audit/history/ingestion_20260603T174415Z_dig_2b5d899a.json,move,0.85,Ingestion audit report (requires --allow-data-moves + API path update),high,,,generated_report,60,e4cedf6a6fc3f01d5586095d6c6d5f6bc3b4f821378dab9dd62efaa6c7948241,696
app_skeleton/data/ingestion_reports/ingestion_20260606T123405Z_dig_5556b121.json,app_skeleton/data/03_ingestion_audit/history/ingestion_20260606T123405Z_dig_5556b121.json,move,0.85,Ingestion audit report (requires --allow-data-moves + API path update),high,,,generated_report,60,d16f5b1807a4b4d8446d9a60263215c625bf807d322c0b3693a83acc1d67e650,668
app_skeleton/data/ingestion_reports/ingestion_20260606T121158Z_dig_86d1d036.json,app_skeleton/data/03_ingestion_audit/history/ingestion_20260606T121158Z_dig_86d1d036.json,move,0.85,Ingestion audit report (requires --allow-data-moves + API path update),high,,,generated_report,60,6c98de203724d8bfc25e5c2d811140e0090994d33937042e0d94f32c34cc9209,667
docs/ORDERS & RELATED INFORMATION/Catalog export from quartzy.xlsx,docs/02_procurement_and_orders/order_confirmations/Catalog export from quartzy.xlsx,move,0.8,Lab procurement / operations document,medium,,,source,90,92b41d1557a653d88d5edb7faa9aa661623dfaba7424ab82819450ebb2ee1e29,161126
docs/ORDERS & RELATED INFORMATION/Varastokirjanpito.xlsx,docs/02_procurement_and_orders/order_confirmations/Varastokirjanpito.xlsx,move,0.8,Lab procurement / operations document,medium,,,source,90,f037c40cd2f3662d363a89c64163869ef332ee85ff76e3c59d84f9b4f346e0a6,54705
docs/ORDERS & RELATED INFORMATION/Credit card purchase invoicing information.docx,docs/03_shipping_billing_and_accounts/billing_instructions/Credit card purchase invoicing information.docx,move,0.8,Lab procurement / operations document,medium,,,source,90,26bc61b506e2ea8df942225e7ef8fb1b68f273ce93db47c5199dbda2a2490998,1007695
docs/ORDERS & RELATED INFORMATION/Archive/FICAN_SOUTH_Färkkilä_lab.xlsx,docs/99_archive_review/old_computer_orders/FICAN_SOUTH_Färkkilä_lab.xlsx,move,0.8,Lab procurement / operations document,medium,,,source,90,b89df0ca3c5a532156b0bea55bf1df441f2e60b965c288cd8cd784b72bde7fc0,28070
docs/ORDERS & RELATED INFORMATION/Archive/FiCAN_South_money_from_2019_AF_lab_debt_to_AV_lab.xlsx,docs/99_archive_review/old_computer_orders/FiCAN_South_money_from_2019_AF_lab_debt_to_AV_lab.xlsx,move,0.8,Lab procurement / operations document,medium,,,source,90,936160831151625ffca4b4497b0ecd7824bd56d02c06218a750c81534913c8d4,6998
docs/ORDERS & RELATED INFORMATION/Archive/ONCOSYS COMMON EQUIPMENT 2019_UUD_VAHVISTUS_1060102408_20190627032435.pdf,docs/03_shipping_billing_and_accounts/billing_instructions/ONCOSYS COMMON EQUIPMENT 2019_UUD_VAHVISTUS_1060102408_20190627032435.pdf,move,0.8,Lab procurement / operations document,medium,,,source,90,d677882bc8f6933dc8c238d798741c072d513f61023c1adcb4e6fa32b7be41c6,211293
docs/ORDERS & RELATED INFORMATION/Archive/Anni_Virtanen_HUS_LAB_account_2019_purchases.xlsx,docs/03_shipping_billing_and_accounts/billing_instructions/Anni_Virtanen_HUS_LAB_account_2019_purchases.xlsx,move,0.8,Lab procurement / operations document,medium,,,source,90,b52ab83c6e1fbbeb1c781c605a1b0ab557acb2b2b416292b2dd8ee094d50e5c4,7134
docs/ORDERS & RELATED INFORMATION/Archive/Orders_for_Kauppi_lab_TERVA_collaboration.xlsx,docs/99_archive_review/old_computer_orders/Orders_for_Kauppi_lab_TERVA_collaboration.xlsx,move,0.8,Lab procurement / operations document,medium,,,source,90,331f4814c411d75a6ec61ca41ed054b41b801884f7103448dde1ed969918ec4a,30521
docs/ORDERS & RELATED INFORMATION/Archive/Computers_orders/Bill Anniinas computer 2 6 2020.pdf,docs/03_shipping_billing_and_accounts/billing_instructions/Bill Anniinas computer 2 6 2020.pdf,move,0.8,Lab procurement / operations document,medium,,,source,90,710603944b825dcd35c5d86a40a0b4e5cc900e9717b432ce3a5720df5268395b,4745
docs/ORDERS & RELATED INFORMATION/Archive/Computers_orders/Tietokonetilaus for Anniina 31 3 2020.rtf,docs/99_archive_review/old_computer_orders/Tietokonetilaus for Anniina 31 3 2020.rtf,move,0.8,Lab procurement / operations document,medium,,,source,90,137ba1c9cad2dd3a20b8ba505254d5bb29b55b9fd80fe06be295275d44e02d72,122232
docs/ORDERS & RELATED INFORMATION/ORDERS_Excels_Year_by_Year/ORDERS 2019 Färkkilä lab.xlsx,docs/02_procurement_and_orders/yearly_order_excels/ORDERS 2019 Färkkilä lab.xlsx,move,0.8,Lab procurement / operations document,medium,,,source,90,7c1744b740373a664747f7372f2912298f71b685d9acab176b8e80d0855cd4ae,198303
docs/ORDERS & RELATED INFORMATION/ORDERS_Excels_Year_by_Year/ORDERS 2024 Färkkilä lab.xlsx,docs/02_procurement_and_orders/yearly_order_excels/ORDERS 2024 Färkkilä lab.xlsx,move,0.8,Lab procurement / operations document,medium,,,source,90,bdc73f93bab54f68e2c30cef56c49d727b3b9d29cad24e06f0d26589fe1a97fb,312676
docs/ORDERS & RELATED INFORMATION/ORDERS_Excels_Year_by_Year/ORDERS 2020 Färkkilä lab.xlsx,docs/02_procurement_and_orders/yearly_order_excels/ORDERS 2020 Färkkilä lab.xlsx,move,0.8,Lab procurement / operations document,medium,,,source,90,8185ddc57991664ec20a2721d9cf88f643e5fd2ac2837259b7fb51fee5a967c0,310057
docs/ORDERS & RELATED INFORMATION/ORDERS_Excels_Year_by_Year/ORDERS 2021 Färkkilä lab.xlsx,docs/02_procurement_and_orders/yearly_order_excels/ORDERS 2021 Färkkilä lab.xlsx,move,0.8,Lab procurement / operations document,medium,,,source,90,9cd17c6d6af1c14a8de55372ceb429c3714781835e7281ac5760b94d8f8ffd15,331344
docs/ORDERS & RELATED INFORMATION/ORDERS_Excels_Year_by_Year/ORDERS 2022 Färkkilä lab.xlsx,docs/02_procurement_and_orders/yearly_order_excels/ORDERS 2022 Färkkilä lab.xlsx,move,0.8,Lab procurement / operations document,medium,,,source,90,28954fa84b902fbd924c18524b24579b1d7838a6893c7c573446f2d27590035a,328331
docs/ORDERS & RELATED INFORMATION/ORDERS_Excels_Year_by_Year/ORDERS 2023 Färkkilä lab.xlsx,docs/02_procurement_and_orders/yearly_order_excels/ORDERS 2023 Färkkilä lab.xlsx,move,0.8,Lab procurement / operations document,medium,,,source,90,6cf72210d0979fa846d84f5df873ce731ef5595dcd64dd4efe27b3a530d195f8,337432
docs/ORDERS & RELATED INFORMATION/Välinehuolto/Instructions for the use of the Instrument maintenance at Biomedicum 1 and 2u_270121.docx,docs/01_lab_operations/maintenance_and_service/Instructions for the use of the Instrument maintenance at Biomedicum 1 and 2u_270121.docx,move,0.8,Lab procurement / operations document,medium,,,source,90,a1224e6b3ebd09a172b5f0433167ab7206dcd80ab95426611502e4485a88dccf,25025
docs/ORDERS & RELATED INFORMATION/Välinehuolto/Välinehuollon ohjeita BM1 ja BM2U_270121.docx,docs/01_lab_operations/maintenance_and_service/Välinehuollon ohjeita BM1 ja BM2U_270121.docx,move,0.8,Lab procurement / operations document,medium,,,source,90,9fc596406d152200cdc4172575450ec410d67e4a839a517143d221e4b1c703fa,19805
docs/ORDERS & RELATED INFORMATION/Välinehuolto/Instructions for sterilizing at Biomedicum 1 and 2u_9.12.2022.pdf,docs/01_lab_operations/maintenance_and_service/Instructions for sterilizing at Biomedicum 1 and 2u_9.12.2022.pdf,move,0.8,Lab procurement / operations document,medium,,,source,90,8d2329e018205bf52a72ab16f70f39ee1a5d97ea194d342591e3f2d3593eadb1,170081
docs/ORDERS & RELATED INFORMATION/Välinehuolto/Instructions for the use of the Instrument maintenance at Biomedicum 1 and 2u.docx,docs/01_lab_operations/maintenance_and_service/Instructions for the use of the Instrument maintenance at Biomedicum 1 and 2u.docx,move,0.8,Lab procurement / operations document,medium,,,source,90,3907571b2e4e4362e33f7c542c627a2277ca1b7d255d548e4c75bfe1f447ae96,24877
docs/ORDERS & RELATED INFORMATION/OFFERS_QUOTES/FotoprofiiliOffer_AF_lab_Helsingin Yliopisto_06.04.22.pdf,docs/02_procurement_and_orders/offers_and_quotes/FotoprofiiliOffer_AF_lab_Helsingin Yliopisto_06.04.22.pdf,move,0.8,Lab procurement / operations document,medium,,,source,90,7b6fc188e323e35199993af6af950113656b511d5ca9a365b84f9515845cd5be,69879
docs/ORDERS & RELATED INFORMATION/OFFERS_QUOTES/Fisher 2019 Eppendorf centrifuges offer.pdf,docs/02_procurement_and_orders/offers_and_quotes/Fisher 2019 Eppendorf centrifuges offer.pdf,move,0.8,Lab procurement / operations document,medium,,,source,90,2ceb368918dc7b18a033d3f1af5e69392af7c3b691b7888a0d9f39af3262ca7b,196290
docs/ORDERS & RELATED INFORMATION/OFFERS_QUOTES/Labnet 2019 Eppendorf and Sigma centrifuge offer.docx,docs/02_procurement_and_orders/offers_and_quotes/Labnet 2019 Eppendorf and Sigma centrifuge offer.docx,move,0.8,Lab procurement / operations document,medium,,,source,90,90bc5f2731015dd91c792515c15073acda0cfc2672503bff0ed0447edf167db0,8555
docs/ORDERS & RELATED INFORMATION/OFFERS_QUOTES/QIAGEN quote Chernenko 011019.pdf,docs/02_procurement_and_orders/offers_and_quotes/QIAGEN quote Chernenko 011019.pdf,move,0.8,Lab procurement / operations document,medium,,,source,90,6dde782821e16a374bde9f5bd83b1ec7b013e46ba0d72a354b101bb0538a228a,69540
docs/ORDERS & RELATED INFORMATION/OFFERS_QUOTES/BioNordika QuoteTA2022-0505-KL HY Anastasiya Chernenko (Färkkilä & Vähärautio labs).pdf,docs/02_procurement_and_orders/offers_and_quotes/BioNordika QuoteTA2022-0505-KL HY Anastasiya Chernenko (Färkkilä & Vähärautio labs).pdf,move,0.8,Lab procurement / operations document,medium,,,source,90,acda0c5a564050674d86c3c74e7f25473dc649ca6c5966e541d2c9272349e279,415983
docs/ORDERS & RELATED INFORMATION/OFFERS_QUOTES/QUOTES Product areas and groups 2022_QIAGEN.pdf,docs/02_procurement_and_orders/offers_and_quotes/QUOTES Product areas and groups 2022_QIAGEN.pdf,move,0.8,Lab procurement / operations document,medium,,,source,90,902e2927eb63425e054f3ed4cc2906365231d00d851ef9b320821790be13f7e0,113110
docs/ORDERS & RELATED INFORMATION/OFFERS_QUOTES/Fisher offer Thermomixer Eppendorf Sept 2019.pdf,docs/02_procurement_and_orders/offers_and_quotes/Fisher offer Thermomixer Eppendorf Sept 2019.pdf,move,0.8,Lab procurement / operations document,medium,,,source,90,5f0bceb53407614d7912b74fd38beeef8d2e93d760f7c276ff800ee8576446ce,192679
docs/ORDERS & RELATED INFORMATION/OFFERS_QUOTES/QUOTES Färkkilä lab/QUOTES.docx,docs/02_procurement_and_orders/offers_and_quotes/QUOTES.docx,move,0.8,Lab procurement / operations document,medium,,,source,90,64c71cb6541856860c0fd5a0b6e5a714a7209ec768aa6534f3eefea4cb62060c,6705
docs/ORDERS & RELATED INFORMATION/OFFERS_QUOTES/QUOTES Färkkilä lab/BioNordika Quote TA2020-0288-JN HY Anastasiya Chernenko (Färkkilä & Vähärautio labs).pdf,docs/02_procurement_and_orders/offers_and_quotes/BioNordika Quote TA2020-0288-JN HY Anastasiya Chernenko (Färkkilä & Vähärautio labs).pdf,move,0.8,Lab procurement / operations document,medium,,,source,90,1d6dcc4cf7be2fa6e97e36f05d9aabfc08dd1301894f6cbbcf26841bb934d356,167351
docs/ORDERS & RELATED INFORMATION/OFFERS_QUOTES/QUOTES Färkkilä lab/ Quote BioNordikaTA2021-0431HL HY Anastasiya Chernenko (Färkkilä & Vähärautio labs).pdf,docs/02_procurement_and_orders/offers_and_quotes/ Quote BioNordikaTA2021-0431HL HY Anastasiya Chernenko (Färkkilä & Vähärautio labs).pdf,move,0.8,Lab procurement / operations document,medium,,,source,90,493739bc74400dc22cb9d017da8c1022b08f24cecf47702b964c4d64fd807a84,167463
docs/ORDERS & RELATED INFORMATION/Gas_ordering_instructions_Woikoski/Woikoski_liite_3_hintaliite_laak_erik_teol.pdf,docs/01_lab_operations/gas_ordering/Woikoski_liite_3_hintaliite_laak_erik_teol.pdf,move,0.8,Lab procurement / operations document,medium,,,source,90,53bcec6a55d0fefefd3d96b89bc75ab2425526bd2ef343e14630eb017b7533b3,370363
docs/ORDERS & RELATED INFORMATION/Gas_ordering_instructions_Woikoski/Gas ordering instructions at the Faculty of Medicine.pdf,docs/01_lab_operations/gas_ordering/Gas ordering instructions at the Faculty of Medicine.pdf,move,0.8,Lab procurement / operations document,medium,,,source,90,4a35f0eefa684edf2c2a79dd0f57d0ede983bcf2e8ce7f9daaad3fdde26d0f4a,445000
docs/ORDERS & RELATED INFORMATION/Gas_ordering_instructions_Woikoski/Kaasuntilausohje Lääketieteellisessä tiedekunnassa.pdf,docs/01_lab_operations/gas_ordering/Kaasuntilausohje Lääketieteellisessä tiedekunnassa.pdf,move,0.8,Lab procurement / operations document,medium,,,source,90,3ff678dfd5b2f040637143f52d1b6b5ae4968ea512d92f6f78501d38099c1aaa,439249
docs/ORDERS & RELATED INFORMATION/Order_confirmations_manuals/HERAfreeze HLE minus80 Färkkilä Kauppi UUD. VAHVISTUS-1060102408_20190611034714 (2).pdf,docs/01_lab_operations/maintenance_and_service/HERAfreeze HLE minus80 Färkkilä Kauppi UUD. VAHVISTUS-1060102408_20190611034714 (2).pdf,move,0.8,Lab procurement / operations document,medium,,,source,90,d45e6fdbafb8b303466d25422cd26ed283fb2a4f1a7afe9d088398ce8c67fc88,210929
docs/ORDERS & RELATED INFORMATION/Order_confirmations_manuals/HERAfreeze minus80 Manual english-ult-manual-328398h01.pdf,docs/01_lab_operations/maintenance_and_service/HERAfreeze minus80 Manual english-ult-manual-328398h01.pdf,move,0.8,Lab procurement / operations document,medium,,,source,90,8834d55d20db622fec1fa148fe06d89182a0fe07605cca17d1696439567671ab,3519632
docs/ORDERS & RELATED INFORMATION/Lab_coats_Färkkilä_lab/Infektiosäkki(1).docx,docs/02_procurement_and_orders/lab_coats/Infektiosäkki(1).docx,move,0.8,Lab procurement / operations document,medium,,,source,90,91c62034d09bb111ce5785e971c3e310d705e5dd9f97e9303c0178ca77f2637d,145129
docs/ORDERS & RELATED INFORMATION/Lab_coats_Färkkilä_lab/Lab coats Färkkila lab asiakasnumero.docx,docs/02_procurement_and_orders/lab_coats/Lab coats Färkkila lab asiakasnumero.docx,move,0.8,Lab procurement / operations document,medium,,,source,90,0f97856afdb0e3d5340d783b1ec73f30174da68e9bc0e2b2b2a1eaacfd600f6a,6919
docs/ORDERS & RELATED INFORMATION/Lab_coats_Färkkilä_lab/Työvaatekoonti LAB COATS Lindström Sept2019.xlsx,docs/02_procurement_and_orders/lab_coats/Työvaatekoonti LAB COATS Lindström Sept2019.xlsx,move,0.8,Lab procurement / operations document,medium,,,source,90,e3c05fbb28b20a3a5daf9ec186c67709b9a180fa964daf1590879a424f1c4901,10228
docs/ORDERS & RELATED INFORMATION/Lab_coats_Färkkilä_lab/Infektiosäkki.docx,docs/02_procurement_and_orders/lab_coats/Infektiosäkki.docx,move,0.8,Lab procurement / operations document,medium,,,source,90,09b82bd019e180d206784ba0a26d81aca9e2a33027f20a34f9f3b03bece88a8b,339280
docs/ORDERS & RELATED INFORMATION/Sensire_minus80oC_Revco_sensor_1538B/Sensire account.docx,docs/01_lab_operations/maintenance_and_service/Sensire account.docx,move,0.8,Lab procurement / operations document,medium,,,source,90,f3861d857b1c01874449153dbfab7adfc37f37e61318c5270248626108743979,7049
docs/ORDERS & RELATED INFORMATION/Sensire_minus80oC_Revco_sensor_1538B/Sensire bill 11 2021 10 2022.pdf,docs/01_lab_operations/maintenance_and_service/Sensire bill 11 2021 10 2022.pdf,move,0.8,Lab procurement / operations document,medium,,,source,90,8651ee2ec8291828d390a4828f999f770ea8e7d182d1fa8b5b456a593cef8f51,75625
reports/document_library_audit/.DS_Store,reports/02_historical_audits/first_pass/.DS_Store,move,0.7,Legacy document_library_audit artifact,low,,,archive,40,ddc41f748df33c5682f8a6022b4680b67f1b50da082cf48086d631f2d3980e3c,6148
reports/document_library_audit/classification_report_by_page.md,reports/02_historical_audits/first_pass/classification_report_by_page.md,move,0.7,Legacy document_library_audit artifact,low,,,archive,40,482b4e2b3600c9ee342d8c7a921d7cab309b4af8dc7215b4caefdabf8058ba73,2314807
reports/document_library_audit/classification_report_by_page.json,reports/02_historical_audits/first_pass/classification_report_by_page.json,move,0.7,Legacy document_library_audit artifact,low,,,archive,40,5ddc3ecd14aa249219a40d0c157a68b7c949e2bd77ba729aecc37c60c2bbc058,225879
reports/document_library_audit/metadata_v2/final_metadata_improvement_summary.md,reports/00_current_summary/final_metadata_improvement_summary.md,move,0.88,Latest readable audit summary,low,,,generated_report,60,9819f454c215a2abfa76b725a1fc3c44b6ba762f24ccaf3f3506db8396ddac09,3378
reports/document_library_audit/metadata_v2/ui_metadata_display_plan.md,reports/01_current_machine_readable/ui_metadata_display_plan.md,move,0.75,Current metadata_v2 audit artifact,low,,,generated_report,60,544b9c3e4c4e239d4c20ba8e5e7e057bc1bd93db8c241506974e685cd8176ba9,1155
reports/document_library_audit/metadata_v2/metadata_quality_dashboard.json,reports/01_current_machine_readable/metadata_quality_dashboard.json,move,0.75,Current metadata_v2 audit artifact,low,,,generated_report,60,d5e8ed6322f38858f38dac9670c9f4ce4918308c1f34d690232bf0f82245ed07,1073
reports/document_library_audit/metadata_v2/search_metadata_index_plan.md,reports/01_current_machine_readable/search_metadata_index_plan.md,move,0.75,Current metadata_v2 audit artifact,low,,,generated_report,60,a6313490745f1e1e139267eee691ed1f54c734a203a116d73f1a2732e90a82e3,1011
reports/document_library_audit/metadata_v2/low_confidence_metadata_queue.csv,reports/99_quarantine_review/obsolete_reports/low_confidence_metadata_queue.csv,quarantine,0.75,Exact SHA-256 duplicate of reports/document_library_audit/metadata_v2/unknown_type_review_queue.csv,medium,52bd0fde328f5cbb,reports/document_library_audit/metadata_v2/unknown_type_review_queue.csv,quarantine_candidate,60,52bd0fde328f5cbbbc211f5320ab8bd7714d61ce1ea353da0c6af32faac38776,45207
reports/document_library_audit/metadata_v2/duplicate_deletion_log.csv,reports/01_current_machine_readable/duplicate_deletion_log.csv,move,0.75,Current metadata_v2 audit artifact,low,,,generated_report,60,be614eaf92ddb67db806303a6121a369d50ff3f885fd647deb81b5ea4927b5ba,64
reports/document_library_audit/metadata_v2/display_title_mapping.csv,reports/01_current_machine_readable/display_title_mapping.csv,move,0.75,Current metadata_v2 audit artifact,low,,,generated_report,60,7d98e0bbac0e68c076cb6fde0eb24f25082587578756ce05cfaea1d0dc3a2a0f,1506847
reports/document_library_audit/metadata_v2/project_metadata_overlay.csv,reports/01_current_machine_readable/project_metadata_overlay.csv,move,0.75,Current metadata_v2 audit artifact,low,,,generated_report,60,3da95d7b9e559520df3192c7cac42675ef836bef3ff31e7a5b450531ca44956f,2133339
reports/document_library_audit/metadata_v2/display_title_mapping_top_class.csv,reports/01_current_machine_readable/display_title_mapping_top_class.csv,move,0.75,Current metadata_v2 audit artifact,low,,,generated_report,60,ae5002625b5deba864d3f7411e75d41f5add362718ddf3a4397bc283a249ac4f,3912507
reports/document_library_audit/metadata_v2/redigitalization_priority_queue.csv,reports/01_current_machine_readable/redigitalization_priority_queue.csv,move,0.75,Current metadata_v2 audit artifact,low,,,generated_report,60,071be26fd57c2072f4e9a636688d654ca06a58fbca20522627a99133f4eb6d3a,157162
reports/document_library_audit/metadata_v2/suggested_renames_for_later_review.csv,reports/01_current_machine_readable/suggested_renames_for_later_review.csv,move,0.75,Current metadata_v2 audit artifact,low,,,generated_report,60,eda592e3dbd9394988d5bd1526af13358373f75eb3a324273cc3952f8a99534e,647836
reports/document_library_audit/metadata_v2/metadata_enriched_inventory.csv,reports/01_current_machine_readable/metadata_enriched_inventory.csv,move,0.9,Latest machine-readable enriched inventory,low,,,generated_report,60,4c87d6835bded809ea2ea5b561da795c00c91158197a3fc564031497bbd993d0,2549318
reports/document_library_audit/metadata_v2/metadata_enriched_inventory.json,reports/01_current_machine_readable/metadata_enriched_inventory.json,move,0.9,Latest machine-readable enriched inventory,low,,,generated_report,60,fc877367d12fde51ade0ab3e93300a9b18ace686543a8125888fd0f4cf410a0e,23178482
reports/document_library_audit/metadata_v2/metadata_schema.md,reports/01_current_machine_readable/metadata_schema.md,move,0.75,Current metadata_v2 audit artifact,low,,,generated_report,60,7b2e9e609fc33539e4c829db49b5638c4a7cc86049acfc5ab8bdc72a380dd190,2453
reports/document_library_audit/metadata_v2/unknown_type_review_queue.csv,reports/01_current_machine_readable/unknown_type_review_queue.csv,move,0.75,Current metadata_v2 audit artifact — canonical copy preserved,low,52bd0fde328f5cbb,reports/document_library_audit/metadata_v2/unknown_type_review_queue.csv,generated_report,60,52bd0fde328f5cbbbc211f5320ab8bd7714d61ce1ea353da0c6af32faac38776,45207
reports/document_library_audit/metadata_v2/metadata_rules.md,reports/01_current_machine_readable/metadata_rules.md,move,0.75,Current metadata_v2 audit artifact,low,,,generated_report,60,c995a19eb607a92f00005837eeb9c97cb75840c007a76c34fbc07a49d7b1976d,1464
reports/document_library_audit/metadata_v2/smart_views_config.json,reports/01_current_machine_readable/smart_views_config.json,move,0.75,Current metadata_v2 audit artifact,low,,,generated_report,60,e1d8f00b7924d5edef555d140823cb08e0e334896e7eaae50eb3fec4a0f4a805,2397
reports/document_library_audit/metadata_v2/duplicate_resolution_plan.csv,reports/01_current_machine_readable/duplicate_resolution_plan.csv,move,0.75,Current metadata_v2 audit artifact,low,,,generated_report,60,c8df028a167a627107c450aa5b2759e5e6c4d72645d21832978c223b5f87867a,187318
reports/document_library_audit/metadata_v2/metadata_enriched_inventory_top_class.csv,reports/01_current_machine_readable/metadata_enriched_inventory_top_class.csv,move,0.9,Latest machine-readable enriched inventory,low,,,generated_report,60,46b20488d2291d0a436f69ea5f82b84a10d235fd3eb47b6b00a85ac1515b8237,948611
reports/document_library_audit/metadata_v2/non_project_clean_taxonomy.csv,reports/01_current_machine_readable/non_project_clean_taxonomy.csv,move,0.75,Current metadata_v2 audit artifact,low,,,generated_report,60,e00f0621c80f87cc9e681f8389d71763df755680192e0d3013d5b84549b396de,416404
reports/document_library_audit/metadata_v2/duplicate_review_queue.csv,reports/01_current_machine_readable/duplicate_review_queue.csv,move,0.75,Current metadata_v2 audit artifact,low,,,generated_report,60,814e37ff46fa9a6f61d61ea66c37f74a2f02ebd48d6b49695315017083ffee32,6438
reports/document_library_audit/final_corrected/final_corrected_audit_summary.md,reports/02_historical_audits/final_corrected/final_corrected_audit_summary.md,move,0.88,Final corrected historical audit,low,,,archive,40,af0798647239b067fa0712570eec9e11bbe54e72b24fa6a125de3b629986f49b,4870
reports/document_library_audit/second_pass/digitalized_data_inventory.csv,reports/02_historical_audits/second_pass/digitalized_data_inventory.csv,move,0.9,Superseded second-pass audit,low,,,archive,40,ce814f29bfb109a3eafee4a633d6caf717429e50618392b5d801242aa1fcca20,967354
reports/document_library_audit/second_pass/digitalization_coverage_report.md,reports/02_historical_audits/second_pass/digitalization_coverage_report.md,move,0.9,Superseded second-pass audit,low,,,archive,40,92d10833e03eafc5bf48bde019aef0ca95908ecbe0274e15ae699b28bbbbeec4,612
reports/document_library_audit/second_pass/redigitalization_queue.csv,reports/02_historical_audits/second_pass/redigitalization_queue.csv,move,0.9,Superseded second-pass audit,low,,,archive,40,bab7a91651d89fef8b91246248e3471a66c4a02552f72584e8389155ec33018a,130309
reports/document_library_audit/second_pass/digitalized_data_quality_report.md,reports/02_historical_audits/second_pass/digitalized_data_quality_report.md,move,0.9,Superseded second-pass audit,low,,,archive,40,561ba174bfc283dad88183b9fe6fa9dc4c45e7e8cc166a0e2de119569a964397,557
reports/document_library_audit/second_pass/search_index_audit.md,reports/02_historical_audits/second_pass/search_index_audit.md,move,0.9,Superseded second-pass audit,low,,,archive,40,936690b9b9c356e140e0d5a96d378a183c102405282263482be04b518dfa41b5,430
reports/document_library_audit/second_pass/stale_digitalized_data_report.md,reports/02_historical_audits/second_pass/stale_digitalized_data_report.md,move,0.9,Superseded second-pass audit,low,,,archive,40,6a3ccc29c5d093c5191d889566a9704a61aa9d13b74706600941f9a29395d53b,270
reports/document_library_audit/second_pass/second_pass_summary.md,reports/02_historical_audits/second_pass/second_pass_summary.md,move,0.9,Superseded second-pass audit,low,,,archive,40,dc6a59d569010d91e3a7bdafe997fa9618ff586b55f088e7d5c9a784fe76eb87,718
reports/document_library_audit/second_pass/audit_self_review.md,reports/02_historical_audits/second_pass/audit_self_review.md,move,0.9,Superseded second-pass audit,low,,,archive,40,266a5d64d9cfd665148edcc517081c55281acac8075a5787d010a69edfe425eb,889
reports/document_library_audit/second_pass/preview_system_audit.md,reports/02_historical_audits/second_pass/preview_system_audit.md,move,0.9,Superseded second-pass audit,low,,,archive,40,2537faad31a393e1a52687c59e61bff38495c639beaa86f2894ff6c5eab92a39,561
reports/document_library_audit/second_pass/failed_digitalization_report.md,reports/02_historical_audits/second_pass/failed_digitalization_report.md,move,0.9,Superseded second-pass audit,low,,,archive,40,b168f23f6a893c80b2c815d0c3112a23d3d5438b828b050749e472cc334a7e8a,363
reports/document_library_audit/first_pass/file_type_summary.md,reports/02_historical_audits/first_pass/file_type_summary.md,move,0.9,Superseded first-pass audit,low,,,archive,40,377d691806bf35a8d58879efe4f98822e9794fbbab8c423edb4e1d5fa24fabe0,1472
reports/document_library_audit/first_pass/category_tree.json,reports/02_historical_audits/first_pass/category_tree.json,move,0.9,Superseded first-pass audit,low,,,archive,40,0de02a3175ad57c373bfd1ca963653c8189cbff5c88759b73e0dffaf6872dbf2,715
reports/document_library_audit/first_pass/document_inventory.csv,reports/99_quarantine_review/obsolete_reports/document_inventory.csv,quarantine,0.9,Superseded by metadata_v2 enriched inventory,low,,,quarantine_candidate,40,b48fc7eec8178a5081bcab4d0eb98f9aacd3c2138cccc16a467a087c84c845c1,2907041
reports/document_library_audit/first_pass/document_inventory.json,reports/99_quarantine_review/obsolete_reports/document_inventory.json,quarantine,0.9,Superseded by metadata_v2 enriched inventory,medium,cc495851f028449d,app_skeleton/data/raw_asset_inventory.json,quarantine_candidate,40,cc495851f028449db7ef516b0842934068aced789b56503cebfa10734b527b26,49333185
reports/document_library_audit/first_pass/category_summary.csv,reports/02_historical_audits/first_pass/category_summary.csv,move,0.9,Superseded first-pass audit,low,,,archive,40,0fc64534db8731c4c7cddc137645a6a09499ed0aed9cf00c524a5455478ea646,1172
reports/document_library_audit/first_pass/missing_metadata_report.md,reports/02_historical_audits/first_pass/missing_metadata_report.md,move,0.9,Superseded first-pass audit,low,,,archive,40,9cbeeb45c1cc929c8030f985ca37e3266a3a09fd0df543c1aef63e6c091e3ea8,1584
reports/document_library_audit/first_pass/duplicate_candidates.md,reports/02_historical_audits/first_pass/duplicate_candidates.md,move,0.9,Superseded first-pass audit,low,,,archive,40,646d89489ab4f8a48063fc886f650590d029d8005f70aada9e3277515743dd7d,7376
reports/document_library_audit/first_pass/ui_information_architecture_input.md,reports/02_historical_audits/first_pass/ui_information_architecture_input.md,move,0.9,Superseded first-pass audit,low,,,archive,40,1481e4d1f1574d081383863f8243e70d129ace1491cb13890ef46caed1256024,1948
reports/document_library_audit/first_pass/proposed_clean_taxonomy_draft.md,reports/02_historical_audits/first_pass/proposed_clean_taxonomy_draft.md,move,0.9,Superseded first-pass audit,low,,,archive,40,c5256b33121dff4a8a2514702b10d1e9c667e46fe3966075cc9ebaa233087e9c,1107
reports/document_library_audit/first_pass/source_reconciliation_report.md,reports/02_historical_audits/first_pass/source_reconciliation_report.md,move,0.9,Superseded first-pass audit,low,,,archive,40,db82bb25aa166c671b7921f1eec9b1a829075df5c0614238d0e9cd4ba0eb4e9d,361
reports/document_library_audit/first_pass/audit_summary.md,reports/02_historical_audits/first_pass/audit_summary.md,move,0.9,Superseded first-pass audit,low,,,archive,40,abf1d872693fa41a6d7072fa8cec7b24d1e308d24a8c39134e63baaa6257251e,2874
reports/document_library_audit/first_pass/preview_coverage_report.md,reports/02_historical_audits/first_pass/preview_coverage_report.md,move,0.9,Superseded first-pass audit,low,,,archive,40,64515dec61a8b46c2b4533e67ef01e54816d246a20f03029f4df9922e6b2d06a,365
reports/document_library_audit/first_pass/large_files_report.md,reports/02_historical_audits/first_pass/large_files_report.md,move,0.9,Superseded first-pass audit,low,,,archive,40,e9e2c71cf3981f6f2ee6048140db56517d539ba986db5afd23eb14f80f894a7f,3876
reports/document_library_audit/first_pass/taxonomy_audit.md,reports/02_historical_audits/first_pass/taxonomy_audit.md,move,0.9,Superseded first-pass audit,low,,,archive,40,c589e3591e682b7366c8445d460fcc8f41a9abbbfc92702dc5c1afb7da6b0847,1049
reports/structure_analysis/PROJECT_STRUCTURE_STATS.json,reports/03_structure_analysis/PROJECT_STRUCTURE_STATS.json,move,0.95,Structure analyzer output,low,,,generated_report,60,fed3be2ccf3684684c8be5c4a0e72ed056f0f4054cb13ecd215dc7ae722fe143,53218
reports/structure_analysis/PROJECT_STRUCTURE_ANALYSIS.md,reports/03_structure_analysis/PROJECT_STRUCTURE_ANALYSIS.md,move,0.95,Structure analyzer output,low,,,generated_report,60,de49042f27b201f24b10340ab204248c85fbd6db9a5cc76321be0bc668af7cd7,63906
reports/structure_analysis/PROJECT_STRUCTURE_METADATA.json,reports/03_structure_analysis/PROJECT_STRUCTURE_METADATA.json,move,0.95,Structure analyzer output,low,,,generated_report,60,667bf0f5f6b5d161aa29ff18233c06ebadafedf4bda38bc0ebc172d8f722e33c,346400
app_skeleton/storage/r2_preview.py,app_skeleton/storage/01_providers/r2_preview.py,move,0.7,Storage connector module,high,,,code,70,fabbb22222f2366172b5f20cde6c9c1713db2bee8a8aef6e5fcdbfe1a943ab19,825
app_skeleton/storage/ingestion.py,app_skeleton/storage/02_ingestion_runtime/ingestion.py,move,0.7,Ingestion runtime module,high,,,code,70,c3bdee69c4e0dbcc5227a68ed8b7dd7f6892d83e06b356af8554f34c50e4d97d,3844
app_skeleton/storage/env.py,app_skeleton/storage/03_environment/env.py,move,0.7,Storage environment helper,high,,,code,70,36ca7c6c7ea8d80813f7d8319f55c7320aa3152df9a7b415f2e671240636b63f,1771
app_skeleton/storage/datacloud_webdav.py,app_skeleton/storage/01_providers/datacloud_webdav.py,move,0.7,Storage connector module,high,,,code,70,58ec84086badd1ac0972576b5c3fd925a0776a16175889413b299a9c82e4a92d,9391
app_skeleton/storage/pdrive_smb.py,app_skeleton/storage/01_providers/pdrive_smb.py,move,0.7,Storage connector module,high,,,code,70,6641dd7413acb42d3184e29a31509c5e4b02b240b5c285f89e6286cd9ee9655a,5997
